dataset,model,eval_metrics/MSE[mean],eval_metrics/MSE[0.5],eval_metrics/MAE[0.5],eval_metrics/MASE[0.5],eval_metrics/MAPE[0.5],eval_metrics/sMAPE[0.5],eval_metrics/MSIS,eval_metrics/RMSE[mean],eval_metrics/NRMSE[mean],eval_metrics/ND[0.5],eval_metrics/mean_weighted_sum_quantile_loss,domain,num_variates
bitbrains_fast_storage/5T/long,TSOrchestra-Toto2,4745372.209641526,4745372.209641526,367.62914913985776,0.8817523119796552,3.43395085916793,0.8107226625541353,18.521213870292048,2178.38752512989,5.756827763425425,0.9715340672852076,0.8013920583954237,Web/CloudOps,2
bitbrains_fast_storage/5T/medium,TSOrchestra-Toto2,3493080.86755465,3493080.86755465,275.42128280405745,0.9436392850697548,2.57549076040575,0.7952819160115224,21.453448682653743,1868.97856262576,5.678472899032566,0.8368059010919703,0.6603619609096195,Web/CloudOps,2
bitbrains_fast_storage/5T/short,TSOrchestra-Toto2,1586636.3550241094,1586636.3550241094,144.11394195094996,0.6177581137017782,1.8254949355704728,0.71839148658369,12.603483686979292,1259.6175431551076,3.9548875638326417,0.4524821362594566,0.3593610517373203,Web/CloudOps,2
bitbrains_fast_storage/H/short,TSOrchestra-Toto2,2778410.1564585213,2778410.1564585213,281.3569525382373,1.0393115721695212,3.5652377628066545,0.5803499643999794,21.44457965057374,1666.8563694747431,4.75108204462514,0.8019586989106335,0.5966786818408536,Web/CloudOps,2
bitbrains_rnd/5T/long,TSOrchestra-Toto2,2862436.389341623,2862436.389341623,185.1614238142192,3.258589861283298,1.664774660841407,0.6666384063529113,115.61644324566072,1691.8736327934257,6.481186872164391,0.7093117157187296,0.6285331181521688,Web/CloudOps,2
bitbrains_rnd/5T/medium,TSOrchestra-Toto2,2366132.054609726,2366132.054609726,154.99272271437846,4.367982391793689,0.9690297224905168,0.6984702781882427,161.10883042124806,1538.2236685897556,6.4720911643731664,0.6521334001715996,0.6009028524410458,Web/CloudOps,2
bitbrains_rnd/5T/short,TSOrchestra-Toto2,1368473.1280301742,1368473.1280301742,100.5888942506463,1.571019169884523,1.0164742847968566,0.633181951443838,51.2550367752973,1169.8175618574778,4.78655576951749,0.4115807180739479,0.3530665150901575,Web/CloudOps,2
bitbrains_rnd/H/short,TSOrchestra-Toto2,1974710.13102472,1974710.13102472,174.41300425134534,5.8218487896651006,2.4714212866692136,0.5545024018369987,198.54017472611875,1405.2437977179334,6.150034552673903,0.7633166603000658,0.6251064664964567,Web/CloudOps,2
bizitobs_application/10S/long,TSOrchestra-Toto2,6541867.261716979,6541867.261716979,1552.1643938290572,3.2861241147481963,0.0478366320400816,0.0489203568991148,58.70381341060098,2557.7074230093203,0.0986405518567211,0.0598607764915937,0.0545370630473724,Web/CloudOps,2
bizitobs_application/10S/medium,TSOrchestra-Toto2,3632658.3601320274,3632658.3601320274,1046.5358529894154,2.2967901980410512,0.032744838138823,0.0334431091117961,21.864614345363623,1905.9533992550887,0.0748411804327186,0.0410943828078386,0.0352526460819605,Web/CloudOps,2
bizitobs_application/10S/short,TSOrchestra-Toto2,323428.96315266925,323428.96315266925,309.2734883275398,1.1244802892729455,0.0154680904573869,0.015620371419232,6.702470252519993,568.7081528804289,0.0219328002651449,0.0119274422433306,0.0094142426143096,Web/CloudOps,2
bizitobs_l2c/5T/long,TSOrchestra-Toto2,74.77443170672919,74.77443170672919,5.373618396178763,0.540214374867519,0.3887118846661101,0.7277480889114791,4.752029146112581,8.647221039543814,0.4855285337517082,0.301720639371504,0.2411957494135418,Web/CloudOps,7
bizitobs_l2c/5T/medium,TSOrchestra-Toto2,60.20604252170208,60.20604252170208,4.8142210746675085,0.4760921134819495,0.343735864515849,0.6097370711701101,3.485079462710308,7.759255281385069,0.4082509325912992,0.2532988247143817,0.199094214110541,Web/CloudOps,7
bizitobs_l2c/5T/short,TSOrchestra-Toto2,13.109386591406578,13.109386591406578,1.8905650392190831,0.1946905679654328,0.083857659642359,0.1713516272865418,1.5309262333735214,3.6206886902088913,0.1243491050635781,0.0649296558765504,0.0519599999867393,Web/CloudOps,7
bizitobs_l2c/H/long,TSOrchestra-Toto2,100.73271794908176,100.73271794908176,5.787874397351442,0.6141139706934104,0.7133748446879856,0.8078650101480591,14.68466065444918,10.036569032746288,0.6130626038422118,0.3535400730244391,0.3218553942083617,Web/CloudOps,7
bizitobs_l2c/H/medium,TSOrchestra-Toto2,72.58938218448773,72.58938218448773,5.01619438634545,0.5051879240800451,0.5625669167759317,0.7950693418208532,9.228219695713769,8.519940268833329,0.5158953243239819,0.3037381892549565,0.2686246288666628,Web/CloudOps,7
bizitobs_l2c/H/short,TSOrchestra-Toto2,49.31083628250887,49.31083628250887,4.179542790415592,0.4144520178358989,0.3713729197964479,0.5801238800443083,2.6309368160777877,7.02216749177267,0.3785128118883075,0.2252880603974809,0.1752333824258566,Web/CloudOps,7
bizitobs_service/10S/long,TSOrchestra-Toto2,130255.68954247152,130255.68954247152,76.27377459151273,1.3203422635634343,0.0859397932335373,0.0797359048313658,20.39166410365609,360.9095309665173,0.2673733185276892,0.0565060506286759,0.0525153168834017,Web/CloudOps,2
bizitobs_service/10S/medium,TSOrchestra-Toto2,22388.7314111168,22388.7314111168,38.62752862232417,0.9989729959356556,0.0643409193916249,0.0570500364138407,9.123411337718624,149.62864502199034,0.1126140442589891,0.0290719883031118,0.021724996640797,Web/CloudOps,2
bizitobs_service/10S/short,TSOrchestra-Toto2,1932.885744902341,1932.885744902341,17.016742844056534,0.7037896848967539,0.0500689153766364,0.0406012693057495,4.954278321394792,43.96459649425138,0.0325703795532703,0.0126065474810803,0.0098568357409577,Web/CloudOps,2
car_parts/M/short,TSOrchestra-Toto2,1.356814769251267,1.356814769251267,0.444648796209989,0.823975887532301,0.8508006696322199,1.9025920191592047,15.565762368828226,1.1648239219947654,2.793128276793437,1.0662222010425573,0.9270410245585756,Sales,1
covid_deaths/D/short,TSOrchestra-Toto2,287305.8495158288,287305.8495158288,84.26789105398116,31.978081259390063,0.0820108293997402,0.357717858252227,548.5884450473853,536.0091879024359,0.2016760559600082,0.0317062026088403,0.0261972271096511,Healthcare,1
electricity/15T/long,TSOrchestra-Toto2,310362.2281097468,310362.2281097468,55.23232638697665,0.8297027833509591,0.1203897544275779,0.1255320211972804,6.890743186220296,557.1016317600827,0.8788961391417381,0.0871357677843519,0.0697067832033759,Energy,1
electricity/15T/medium,TSOrchestra-Toto2,247453.5592184949,247453.5592184949,50.05899120094846,0.7820132901430921,0.1200185749925926,0.1232011959290071,6.7913506877064265,497.4470416220152,0.8571513236759477,0.0862566805701888,0.0694386257363602,Energy,1
electricity/15T/short,TSOrchestra-Toto2,116541.65067329929,116541.65067329929,43.217287146168886,0.8344803743843541,0.1375911403940485,0.1461606175992215,9.879241722075506,341.38197180475026,0.6729311755056931,0.0851897939650773,0.0718358462025533,Energy,1
electricity/D/short,TSOrchestra-Toto2,1281161943.2885237,1281161943.2885237,4096.826637747794,1.3779359534781652,0.375482005072723,0.0930545102449593,11.222459676291423,35793.32260755522,0.588203161797297,0.0673244674175621,0.0531284927466704,Energy,1
electricity/H/long,TSOrchestra-Toto2,7752012.592873237,7752012.592873237,248.6095671582379,1.066956694277058,0.272396201119632,0.1333904198225525,15.544663900828512,2784.2436303012773,1.0981048818425163,0.0980515413227955,0.0818697007571939,Energy,1
electricity/H/medium,TSOrchestra-Toto2,5239658.249661216,5239658.249661216,220.678737217519,0.974015204581614,0.2262300153062726,0.124001924622839,12.857626668500236,2289.029980070426,0.8934838311055306,0.0861381831122077,0.0717627904526725,Energy,1
electricity/H/short,TSOrchestra-Toto2,1251196.733805352,1251196.733805352,151.6195996499638,0.8473893031241594,0.1649927020424117,0.1165505998090298,10.198853166962513,1118.5690563417854,0.5280444753345055,0.0715752786952918,0.0594232601753311,Energy,1
electricity/W/short,TSOrchestra-Toto2,46031490094.55166,46031490094.55166,29660.23610005504,1.533511544487126,0.2065813139300673,0.0998452807481619,12.07971421306852,214549.5049972189,0.4895311718538436,0.0676748712876771,0.052636954137548,Energy,1
ett1/15T/long,TSOrchestra-Toto2,8.142922538759283,8.142922538759283,1.513160392007776,0.981577196244747,0.769581446557222,0.3750467227506192,6.897453659882352,2.853580652226126,0.5438952937711361,0.2884098668428663,0.2225728747757153,Energy,7
ett1/15T/medium,TSOrchestra-Toto2,8.975290513933604,8.975290513933604,1.554165286870582,0.9807625055421424,0.7361369378039129,0.3792272983680517,6.261119150313664,2.995878921774644,0.5710174846434488,0.2962254403470047,0.2280206396898677,Energy,7
ett1/15T/short,TSOrchestra-Toto2,4.705009495476804,4.705009495476804,1.0532580756202243,0.6723875557409887,0.4760535501796393,0.2335869331131491,4.572608297095275,2.169103385151755,0.4100508290619266,0.1991096183246362,0.1542749008979376,Energy,7
ett1/D/short,TSOrchestra-Toto2,42366.74189331343,42366.74189331343,139.57168226988568,1.691797571583928,1.3268456609220625,0.4763953640172448,10.311527558005876,205.83182915504932,0.5406241267872633,0.3665896531218542,0.2771841806998178,Energy,7
ett1/H/long,TSOrchestra-Toto2,143.0491573777228,143.0491573777228,7.025107905869511,1.3814593951027097,3078557221333.8867,0.4741206721147298,17.008466530363265,11.960315939711744,0.5727536261069192,0.3364172022847184,0.2775206397893537,Energy,7
ett1/H/medium,TSOrchestra-Toto2,133.40937096350206,133.40937096350206,6.648290194231333,1.2477936644991787,2996877010057.6006,0.4301883815996813,8.735624776454976,11.55029744047754,0.553231867515364,0.318437340587362,0.2483399042439819,Energy,7
ett1/H/short,TSOrchestra-Toto2,97.54009965324944,97.54009965324944,4.839141174925006,0.7996578955422803,0.4734623045309351,0.2552708914118312,5.462204625160494,9.876239145203472,0.460964492527747,0.2258625194442346,0.1741282997893932,Energy,7
ett1/W/short,TSOrchestra-Toto2,1004736.373295502,1004736.373295502,808.003359987848,1.4483168898995145,0.6280987225449799,0.5125738137118672,8.392540318834794,1002.3653891149186,0.3988651125342763,0.3215238221605009,0.2414699430768873,Energy,7
ett2/15T/long,TSOrchestra-Toto2,11.25872842756903,11.25872842756903,2.109728219705268,0.8744702799974922,0.1319235817956302,0.1589544694492255,6.954847881659993,3.3554028711272554,0.178815492722041,0.1124312357131211,0.090820940077017,Energy,7
ett2/15T/medium,TSOrchestra-Toto2,11.021719496195496,11.021719496195496,2.075071349118814,0.8556064295781072,0.1281573582832468,0.1553941653262684,6.2808558462064825,3.319897512905405,0.1769233479130393,0.1105843083460837,0.0874371848694058,Energy,7
ett2/15T/short,TSOrchestra-Toto2,7.179961184258412,7.179961184258412,1.6429893998354816,0.7221118547939673,0.1055002058981906,0.124493492212405,5.363566594881953,2.679544958432012,0.1272075350501424,0.077998553824932,0.0626669373555674,Energy,7
ett2/D/short,TSOrchestra-Toto2,101776.21355492756,101776.21355492756,190.6203395113172,1.2742570914848184,0.428977279551922,0.132502144116557,12.658771503112211,319.02384480619554,0.1825857635428122,0.1090970496503402,0.09198037394433,Energy,7
ett2/H/long,TSOrchestra-Toto2,204.9234578987009,204.9234578987009,9.019769673624925,1.0192208484512,0.1780974986338749,0.1783260850514275,7.322742325024946,14.315147847601883,0.1960349320214289,0.1235188035528547,0.0997139962220192,Energy,7
ett2/H/medium,TSOrchestra-Toto2,213.9839896344187,213.9839896344187,9.250513347009248,1.0346564333490456,0.1756391397438494,0.1746143927942693,10.331719903085569,14.62819160506242,0.1971242889162223,0.1246566161334773,0.1029913065448278,Energy,7
ett2/H/short,TSOrchestra-Toto2,106.60751373643832,106.60751373643832,6.295217302455573,0.7241892977114455,0.1184554887200855,0.1085535471041465,5.155125016315714,10.325091463829184,0.1309508806070883,0.0798408665199185,0.0635803972075493,Energy,7
ett2/W/short,TSOrchestra-Toto2,2782558.719110169,2782558.719110169,1109.7561996861125,0.693732495936677,0.1099674374833557,0.1157074688903505,9.177288707517176,1668.1003324471133,0.1399280443555741,0.0930915315541878,0.0823970025640951,Energy,7
hierarchical_sales/D/short,TSOrchestra-Toto2,28.12906009382121,28.12906009382121,2.2817932789189115,0.7393991323311067,0.6228485409837354,1.0541007088799008,7.003023182427095,5.303683634401773,1.6271114042813335,0.7000289086361078,0.5687319450161777,Sales,1
hierarchical_sales/W/short,TSOrchestra-Toto2,453.9967887606828,453.9967887606828,8.935141978998505,0.7206015908977251,0.5418171319347973,0.4557645211775118,7.092186492976486,21.307200397064904,0.97822399235616,0.4102167387588404,0.3486974327102966,Sales,1
hospital/M/short,TSOrchestra-Toto2,2593.114511474126,2593.114511474126,17.510184515448746,0.7523818757053872,0.1889149527071413,0.1712502290520802,5.034700934483603,50.92263260549405,0.1848609813147827,0.063566035904034,0.049913431334875,Healthcare,1
jena_weather/10T/long,TSOrchestra-Toto2,1394.8636895385366,1394.8636895385366,9.622740764432876,0.6108560887031459,0.7138212568211951,0.6348058408665649,5.696694085337814,37.347873962764425,0.2285380419825688,0.0588832000183433,0.0475318363903393,Nature,21
jena_weather/10T/medium,TSOrchestra-Toto2,1424.332782655439,1424.332782655439,9.310786445101105,0.5728468425288907,0.6800128588386141,0.638177580298712,5.378331152018588,37.74033363201018,0.2316117823162842,0.0571401372426421,0.0460993129319522,Nature,21
jena_weather/10T/short,TSOrchestra-Toto2,797.861953648794,797.861953648794,5.33075385819063,0.2588256766226181,0.322299491474416,0.5432086364597902,2.161595578843232,28.246450284040897,0.1754458581442677,0.0331106626072068,0.0273841020569086,Nature,21
jena_weather/D/short,TSOrchestra-Toto2,362.157581853093,362.157581853093,9.348763279928525,0.9738441258876144,0.6561318161753421,0.4330320333072894,6.237863646695033,19.03043829902751,0.1145943423693128,0.0562948347902494,0.0441283611778475,Nature,21
jena_weather/H/long,TSOrchestra-Toto2,1311.0762758336782,1311.0762758336782,11.361113825070026,0.9367434643253496,1.9153285604893675,0.6499683714646922,6.918066649872555,36.20878727372236,0.2180170160327657,0.068406492496586,0.0555311012547421,Nature,21
jena_weather/H/medium,TSOrchestra-Toto2,1190.744542404295,1190.744542404295,9.936560353379406,0.7970552809002288,2.0212178588712275,0.6824433205294503,6.172476807847772,34.5071665368847,0.2111554719919684,0.0608035750820568,0.0483161293305347,Nature,21
jena_weather/H/short,TSOrchestra-Toto2,1108.190614552595,1108.190614552595,8.202373580281348,0.5138827126826414,1.2122399189309885,0.6025824929888559,4.467427775746029,33.28949706067358,0.2040624984030888,0.0502800280393852,0.0404409453662227,Nature,21
kdd_cup_2018/D/short,TSOrchestra-Toto2,2898.712884210272,2898.712884210272,21.058246705355888,1.1845314720453533,0.5187760283421871,0.459544657299587,9.266019396572135,53.83969617494392,1.2060663960614562,0.4717270994393396,0.3749519600870968,Nature,1
kdd_cup_2018/H/long,TSOrchestra-Toto2,3273.2118977930736,3273.2118977930736,18.45587199021648,0.7750682264160833,0.7649095975088002,0.4690682907385966,11.023493335778165,57.211990856752,1.3424244642767245,0.4330493258180721,0.3741871838043306,Nature,1
kdd_cup_2018/H/medium,TSOrchestra-Toto2,4451.769447219799,4451.769447219799,20.768318026147305,0.8412207675291552,0.8253332258075634,0.4643245046092675,11.706330194995742,66.72158157013216,1.3966034965813396,0.4347184957380371,0.3767771797283151,Nature,1
kdd_cup_2018/H/short,TSOrchestra-Toto2,4044.695985635687,4044.695985635687,19.24227821572829,0.7972235835802447,0.7516359933458177,0.4359141672737943,9.743194832381288,63.59792438150546,1.3312197375566497,0.4027757321555452,0.3405486934718806,Nature,1
loop_seattle/5T/long,TSOrchestra-Toto2,79.98983071518172,79.98983071518172,4.924168494079665,0.7806750548428864,0.1497563257751647,0.1118355422666561,6.309959007178958,8.94370341162886,0.1581265142223812,0.0870603108774915,0.0692433819919542,Transport,1
loop_seattle/5T/medium,TSOrchestra-Toto2,63.72531995787008,63.72531995787008,4.463804487246502,0.7116643341042186,0.1392757022045796,0.1024693569566346,5.4608020378818365,7.982814037535265,0.1420306645090635,0.0794202538830417,0.0629515811984008,Transport,1
loop_seattle/5T/short,TSOrchestra-Toto2,35.259635454301744,35.259635454301744,3.272662625668431,0.5200977182540826,0.0852863127499398,0.0693204481554773,3.9511741100171673,5.937982439709783,0.1018232882365719,0.0561189382450884,0.0446050419803217,Transport,1
loop_seattle/D/short,TSOrchestra-Toto2,17.96899596087347,17.96899596087347,2.867870763227356,0.8646321899350232,0.0529853730541455,0.0529144786529683,7.795626131795723,4.23898525131587,0.0757563281729491,0.0512526809639679,0.0420086875185503,Transport,1
loop_seattle/H/long,TSOrchestra-Toto2,59.359138737858565,59.359138737858565,4.040487249819194,0.8462164523988314,0.1153043349075672,0.0934577560298581,6.651162977585807,7.704488220372497,0.1376894988406932,0.0722089058464311,0.0572605802468222,Transport,1
loop_seattle/H/medium,TSOrchestra-Toto2,63.61125359528559,63.61125359528559,4.171137318038202,0.8530976931050968,0.1100768666030366,0.0950860755946746,6.958767621170076,7.975666341772679,0.1409690099644046,0.0737243852679446,0.0589878557269829,Transport,1
loop_seattle/H/short,TSOrchestra-Toto2,54.14378115749148,54.14378115749148,3.87597052057441,0.7887903875874086,0.1046377465760432,0.0891936055062996,7.003881761507495,7.358245793495314,0.1302484332438706,0.0686086197406621,0.0556861201139361,Transport,1
m4_daily/D/short,TSOrchestra-Toto2,353497.8014562545,353497.8014562545,171.90144149733342,3.209135795315724,0.0364364131287579,0.0292432223560684,26.87529899512447,594.556810957754,0.0918425950939682,0.0265540217461756,0.0213081521506531,Econ/Fin,1
m4_hourly/H/short,TSOrchestra-Toto2,771969.5747118419,771969.5747118419,174.96998398912274,0.6789761815157704,0.0873028948707966,0.0796070571882181,5.15563974880802,878.6179913431331,0.1199507651939299,0.0238872680416903,0.0192536288446558,Econ/Fin,1
m4_monthly/M/short,TSOrchestra-Toto2,1866601.5906358552,1866601.5906358552,552.0704668689644,0.9153681235149888,0.1585123720147242,0.1304090949420566,7.587823583179763,1366.236286531673,0.283950801775027,0.1147391950053595,0.0915250272505683,Econ/Fin,1
m4_quarterly/Q/short,TSOrchestra-Toto2,1735568.947917292,1735568.947917292,549.3077559452356,1.1614403158162896,0.1105103564577332,0.1000232492338546,9.09916970728498,1317.409939205444,0.2205112245552678,0.091944445169622,0.0735487820020602,Econ/Fin,1
m4_weekly/W/short,TSOrchestra-Toto2,243919.7358747668,243919.7358747668,246.08211063855512,1.866217856210486,0.0590320505963451,0.0588692880687701,13.49361819707865,493.8823097406576,0.0899776941920272,0.0448323425651578,0.0354442318089985,Econ/Fin,1
m4_yearly/A/short,TSOrchestra-Toto2,3499585.07585084,3499585.07585084,885.6112753358303,3.336906865340238,0.1651617233903159,0.1476754811353489,30.95866654444695,1870.717796956783,0.2999782691151655,0.1420118726171791,0.1154932037211984,Econ/Fin,1
m_dense/D/short,TSOrchestra-Toto2,8569.663913510232,8569.663913510232,41.92106761872735,0.6287053471443728,0.11808688554403,0.0909447341296817,6.939482789405769,92.57247924469904,0.1602566548359937,0.0725715689862053,0.0596668204977696,Transport,1
m_dense/H/long,TSOrchestra-Toto2,33847.35422955036,33847.35422955036,77.5048141919748,0.6769423321693518,0.2435629951440624,0.1854613260677139,6.78353334364312,183.97650455846355,0.3184905260634574,0.1341722906612153,0.1103451728539698,Transport,1
m_dense/H/medium,TSOrchestra-Toto2,36304.01622979,36304.01622979,77.38311304862741,0.6745986835193608,0.2464774340587502,0.1849841912213809,7.200150091289839,190.5361284108345,0.3315087917527108,0.134636840387039,0.1115740184765123,Transport,1
m_dense/H/short,TSOrchestra-Toto2,39157.27204533357,39157.27204533357,83.16054234368497,0.7462917675072916,0.274096449069548,0.1992321349894201,8.148375286131188,197.88196493196028,0.3509933237855926,0.1475060911946107,0.1220555702837465,Transport,1
restaurant/D/short,TSOrchestra-Toto2,140.73984383405727,140.73984383405727,7.133486347531133,0.6839715354945682,0.6758631253784734,0.3934163707680455,4.581725846256418,11.863382478621231,0.5459803488471748,0.3282995698351838,0.2570487255730772,Sales,1
saugeen/D/short,TSOrchestra-Toto2,1028.480787403599,1028.480787403599,11.8880152732821,2.640893085970981,0.2669745210736411,0.3059084991916698,33.39262183790286,32.06993588087757,1.038752864338315,0.3850556472045401,0.3277082391918624,Nature,1
saugeen/M/short,TSOrchestra-Toto2,388.1586087764017,388.1586087764017,12.184022193679052,0.7139625643369768,0.3508759990811987,0.3540008763880798,4.634577346265324,19.701741262548385,0.5915053773719166,0.3658008979784832,0.2917376182772127,Nature,1
saugeen/W/short,TSOrchestra-Toto2,977.6851717880106,977.6851717880106,14.085933849332736,1.1427947963330214,0.3367600438172923,0.3660113226260365,12.736890637306534,31.267957589008123,0.943849299922894,0.42519562605287,0.3501444861903199,Nature,1
solar/10T/long,TSOrchestra-Toto2,19.91719005473047,19.91719005473047,1.838066419461,0.804188130199961,3.5962783095478192,1.446720393185537,3.910665060094276,4.462867918136326,0.964577496263907,0.3972686481814668,0.2965226146985891,Energy,1
solar/10T/medium,TSOrchestra-Toto2,19.172247610727247,19.172247610727247,1.853543914073314,0.8094607892420391,3.580667619311313,1.451408340981203,3.672329549489078,4.378612521190616,0.971631539999486,0.4113087693811323,0.2955220285670401,Energy,1
solar/10T/short,TSOrchestra-Toto2,13.713019237286716,13.713019237286716,1.4612213093135842,0.6329651707135762,3.87166992239671,1.483963344929751,3.680854990423796,3.703109401204172,1.0772341051739305,0.4250691132937205,0.328823631730788,Energy,1
solar/D/short,TSOrchestra-Toto2,133024.90586508592,133024.90586508592,261.5123820134426,1.0200613806175949,1.1020283813286618,0.4375335880213644,4.609607168260209,364.72579544787607,0.5269045645834626,0.3777963321973736,0.2912902084380899,Energy,1
solar/H/long,TSOrchestra-Toto2,426.9303255998117,426.9303255998117,9.86986678845556,0.7499964776349314,4.279695037038955,1.3847585892207497,11.0782763687309,20.662292360718634,0.7163994186647469,0.3422063102248222,0.2927684907377811,Energy,1
solar/H/medium,TSOrchestra-Toto2,500.32352763410216,500.32352763410216,9.93287687325945,0.7572612693204098,3.7311119771428527,1.3872818810725422,9.01876498523013,22.367912902953243,0.8057444504180257,0.3578054176104051,0.299686382163387,Energy,1
solar/H/short,TSOrchestra-Toto2,554.6450362185868,554.6450362185868,9.971821677541392,0.7677411359897669,3.970854170008232,1.3892960077874636,6.285282210149296,23.55090308711296,0.8680941325452728,0.3675646686261582,0.2989424951889824,Energy,1
solar/W/short,TSOrchestra-Toto2,1301387.311951736,1301387.311951736,919.4788318108808,0.9996132760658452,0.2020604729666784,0.1817080143036089,5.199185203244426,1140.7836394127223,0.2328624618027075,0.1876886176779189,0.1467290187254457,Energy,1
sz_taxi/15T/long,TSOrchestra-Toto2,15.333361958000264,15.333361958000264,2.684216407388216,0.5065218717002019,6870432443075.772,0.3977366831025511,3.7497768709228807,3.9157836965287376,0.3624379450309795,0.2484462764311127,0.1970085243233355,Transport,1
sz_taxi/15T/medium,TSOrchestra-Toto2,16.127375597447354,16.127375597447354,2.738456541185628,0.5336670053983187,9703189422815.855,0.4031996272981997,3.686796539996617,4.015890386632503,0.3737456172083783,0.2548590802155784,0.2007365342638939,Transport,1
sz_taxi/15T/short,TSOrchestra-Toto2,16.44759054913057,16.44759054913057,2.698101440956263,0.5381207042807002,1094114775888.9812,0.3868830837745119,3.754348349979646,4.055562913965282,0.3792124905922826,0.2522840328212967,0.1982303640282824,Transport,1
sz_taxi/H/short,TSOrchestra-Toto2,7.071605744825162,7.071605744825162,1.8276900082395604,0.5565514885278614,1.0860999996969216,0.2923585690826062,3.841381395076968,2.6592490941664644,0.2477254690686602,0.1702606068745007,0.1337653303827827,Transport,1
temperature_rain/D/short,TSOrchestra-Toto2,176.4932937497484,176.4932937497484,5.731492841308561,1.343163340193031,30.11665499964816,1.4785610578627455,22.909784767538916,13.285077860131208,1.5640049130037903,0.6747482443858337,0.5611339239485836,Nature,1
us_births/D/short,TSOrchestra-Toto2,147839.63377513393,147839.63377513393,216.54784831918568,0.3187732935182432,0.0210670297484398,0.0206438872854244,2.6522099774229644,384.49919866643927,0.0360436798439421,0.0202996035954874,0.0166556472882576,Healthcare,1
us_births/M/short,TSOrchestra-Toto2,48694957.83121751,48694957.83121751,5911.500285464247,0.6682122884613261,0.0181898284253001,0.0184108907404517,4.305596289927915,6978.177257079208,0.0216741709838765,0.0183610795825521,0.0134239830041068,Healthcare,1
us_births/W/short,TSOrchestra-Toto2,1349527.843565859,1349527.843565859,890.6688435006954,0.8104316429654341,0.0120807748739065,0.0121070213893562,4.900005913745753,1161.691802314994,0.0157698523074035,0.0120907422165,0.0094733324133872,Healthcare,1
